City_ID,City,Country,Lat,Lng,Max Temp,Humidity,Cloudiness,Wind Speed,Current Description
0,Bulgan,MN,48.8125,103.5347,72.9,42,52,5.46,broken clouds
1,Codrington,AU,-38.2667,141.9667,54.19,80,100,20.4,overcast clouds
2,Rikitea,PF,-23.1203,-134.9692,71.58,58,76,19.71,broken clouds
3,Alofi,NU,-19.0595,-169.9187,76.89,94,75,4.61,broken clouds
4,Hermanus,ZA,-34.4187,19.2345,44.8,84,0,13.2,clear sky
5,Barrow,US,71.2906,-156.7887,55.42,71,0,11.5,clear sky
6,Muyezerskiy,RU,63.9333,31.65,49.41,74,64,8.46,broken clouds
7,Airai,TL,-8.9266,125.4092,72.23,43,65,4.29,broken clouds
8,Cairns,AU,-16.9167,145.7667,83.07,67,100,16.11,overcast clouds
9,Concordia,AR,-31.393,-58.0209,38.79,100,9,5.06,clear sky
10,Port Elizabeth,ZA,-33.918,25.5701,50.31,94,0,3.44,clear sky
11,Anloga,GH,5.7947,0.8973,77.32,87,52,7.96,broken clouds
12,Jamestown,US,42.097,-79.2353,56.84,71,75,0.0,broken clouds
13,Busselton,AU,-33.65,115.3333,64.17,75,87,11.59,overcast clouds
14,Ushuaia,AR,-54.8,-68.3,33.46,93,75,13.8,light snow
15,Diffa,NE,13.3154,12.6113,81.05,53,48,11.01,scattered clouds
16,Geraldton,AU,-28.7667,114.6,68.41,64,0,5.75,clear sky
17,Albany,US,42.6001,-73.9662,58.41,66,2,5.01,clear sky
18,Maragogi,BR,-9.0122,-35.2225,73.56,90,28,3.38,scattered clouds
19,Awbari,LY,26.5921,12.7805,79.86,19,0,9.69,clear sky
20,Mount Gambier,AU,-37.8333,140.7667,51.71,93,100,8.05,overcast clouds
21,Qaanaaq,GL,77.484,-69.3632,33.49,77,32,7.96,scattered clouds
22,Kinshasa,CD,-4.3246,15.3215,68.5,80,86,4.12,overcast clouds
23,Upernavik,GL,72.7868,-56.1549,31.51,92,24,12.95,few clouds
24,Voznesenye,RU,61.0106,35.4781,48.76,96,100,14.34,overcast clouds
25,Pacific Grove,US,36.6177,-121.9166,57.31,83,0,8.05,clear sky
26,Bodrum,TR,37.0383,27.4292,74.68,70,0,4.05,clear sky
27,Luneville,FR,48.6,6.5,66.78,85,6,6.89,clear sky
28,Tongzi,CN,28.7829,105.0877,90.18,53,62,4.14,broken clouds
29,Port Alfred,ZA,-33.5906,26.891,58.28,76,87,4.23,overcast clouds
30,Kita,ML,13.0349,-9.4895,72.41,89,100,4.59,overcast clouds
31,Xining,CN,36.6167,101.7667,56.19,85,100,3.09,overcast clouds
32,Chuy,UY,-33.6971,-53.4616,43.07,72,36,5.03,scattered clouds
33,Kapaa,US,22.0752,-159.319,80.58,85,100,14.97,overcast clouds
34,Dikson,RU,73.5069,80.5464,37.29,92,100,11.12,overcast clouds
35,Taitung,TW,22.7583,121.1444,95.27,55,20,6.91,few clouds
36,Hobart,AU,-42.8794,147.3294,57.22,76,75,9.22,broken clouds
37,Saint Anthony,US,45.0205,-93.218,85.93,63,0,12.66,clear sky
38,Penzance,GB,50.1186,-5.5371,56.08,85,100,17.76,overcast clouds
39,Bethel,US,41.3712,-73.414,59.49,69,0,4.61,clear sky
40,Hithadhoo,MV,-0.6,73.0833,82.99,71,94,10.02,overcast clouds
41,New Norfolk,AU,-42.7826,147.0587,56.88,80,97,1.99,overcast clouds
42,Tuktoyaktuk,CA,69.4541,-133.0374,33.8,93,75,11.5,broken clouds
43,Punta Arenas,CL,-53.15,-70.9167,35.71,80,0,11.5,clear sky
44,Longyearbyen,SJ,78.2186,15.6401,39.04,60,0,9.22,clear sky
45,Siocon,PH,7.7061,122.1353,83.82,75,83,3.6,broken clouds
46,Thompson,CA,55.7435,-97.8558,69.96,73,75,5.75,broken clouds
47,Klaksvik,FO,62.2266,-6.589,50.92,97,99,9.64,overcast clouds
48,Puerto Ayora,EC,-0.7393,-90.3518,69.55,97,91,1.99,overcast clouds
49,Sovetskiy,RU,61.3614,63.5842,70.7,52,99,4.81,overcast clouds
50,Atuona,PF,-9.8,-139.0333,77.7,81,28,18.45,scattered clouds
51,Robertsport,LR,6.7533,-11.3686,77.95,77,17,4.25,light rain
52,Cidreira,BR,-30.1811,-50.2056,50.92,80,0,5.77,clear sky
53,Kodiak,US,57.79,-152.4072,51.31,82,100,9.22,overcast clouds
54,Tautira,PF,-17.7333,-149.15,78.58,73,48,19.17,scattered clouds
55,Pringsewu,ID,-5.3582,104.9744,85.33,66,15,3.96,few clouds
56,Lebu,CL,-37.6167,-73.65,50.99,93,100,10.0,light rain
57,Nikolskoye,RU,59.7035,30.7861,57.09,68,42,10.42,scattered clouds
58,Cape Town,ZA,-33.9258,18.4232,59.38,75,20,11.99,few clouds
59,Gwembe,ZM,-16.4975,27.6069,49.96,63,5,1.39,clear sky
60,Mana,GF,5.6592,-53.7767,76.53,89,100,4.76,overcast clouds
61,Paamiut,GL,61.994,-49.6678,39.11,98,100,22.79,light rain
62,Luanda,AO,-8.8368,13.2343,68.0,83,40,4.61,scattered clouds
63,Batagay,RU,67.6333,134.6333,52.47,44,52,13.47,broken clouds
64,Biak,ID,-0.9131,122.8766,77.31,83,98,4.41,overcast clouds
65,Assiniboia,CA,49.6334,-105.9845,58.82,94,80,5.75,broken clouds
66,Mataura,NZ,-46.1927,168.8643,45.48,96,55,1.77,broken clouds
67,Marsh Harbour,BS,26.5412,-77.0636,82.6,70,99,4.65,overcast clouds
68,Beidao,CN,34.5686,105.8933,86.83,42,97,10.27,light rain
69,Carlos Antonio Lopez,PY,-26.4,-54.7667,51.22,98,43,1.7,scattered clouds
70,Pitimbu,BR,-7.4706,-34.8086,73.99,86,16,8.99,light rain
71,Bluff,NZ,-46.6,168.3333,45.81,74,49,7.34,scattered clouds
72,Kautokeino,NO,69.0125,23.0412,50.5,67,43,5.66,scattered clouds
73,Severo-Yeniseyskiy,RU,60.3725,93.0408,68.49,51,100,8.81,light rain
74,Lompoc,US,34.6391,-120.4579,60.94,83,0,9.22,clear sky
75,Zhangye,CN,38.9342,100.4517,61.83,85,100,8.14,overcast clouds
76,Katsuura,JP,35.1333,140.3,78.82,87,100,16.6,overcast clouds
77,Castro,BR,-24.7911,-50.0119,51.53,90,72,4.0,broken clouds
78,Victoria,HK,22.2855,114.1577,87.33,79,99,15.99,light rain
79,Avarua,CK,-21.2078,-159.775,77.05,78,75,13.8,broken clouds
80,Saint George,US,37.1041,-113.5841,72.19,19,0,6.91,clear sky
81,Alice Springs,AU,-23.7,133.8833,76.55,22,0,6.91,clear sky
82,Lavrentiya,RU,65.5833,-171.0,53.1,58,60,11.72,broken clouds
83,Chokurdakh,RU,70.6333,147.9167,38.37,83,100,22.84,overcast clouds
84,Aquiraz,BR,-3.9014,-38.3911,78.89,87,12,10.89,few clouds
85,Kavaratti,IN,10.5669,72.642,82.69,76,99,15.28,overcast clouds
86,Byron Bay,AU,-28.65,153.6167,61.95,76,55,12.3,broken clouds
87,Ajdabiya,LY,30.7554,20.2263,77.14,47,0,0.2,clear sky
88,Mandalgovi,MN,45.7625,106.2708,70.39,26,80,5.48,broken clouds
89,Ponta Do Sol,PT,32.6667,-17.1,67.01,67,84,8.55,broken clouds
90,Kavieng,PG,-2.5744,150.7967,82.54,72,17,4.25,light rain
91,Naze,JP,28.3667,129.4833,79.72,81,99,12.35,overcast clouds
92,Bambous Virieux,MU,-20.3428,57.7575,74.21,88,40,11.5,scattered clouds
93,Kidal,ML,18.4411,1.4078,88.66,29,81,4.09,broken clouds
94,Aloleng,PH,16.1307,119.7824,86.11,69,66,6.87,broken clouds
95,Karaton,ID,-6.3424,106.1045,87.51,57,10,2.24,clear sky
96,Kenai,US,60.5544,-151.2583,57.15,75,100,0.0,overcast clouds
97,High Rock,BS,26.6208,-78.2833,80.62,68,92,8.01,overcast clouds
98,Pevek,RU,69.7008,170.3133,50.2,57,35,18.19,scattered clouds
99,Cherskiy,RU,68.75,161.3,55.06,71,100,18.43,overcast clouds
100,Mar Del Plata,AR,-38.0023,-57.5575,41.09,91,59,2.3,fog
101,Gulf Gate Estates,US,27.2517,-82.5147,78.13,76,0,5.75,clear sky
102,Madras,IN,13.0878,80.2785,89.58,77,40,13.8,scattered clouds
103,Dudinka,RU,69.4058,86.1778,74.62,28,99,10.09,overcast clouds
104,Butaritari,KI,3.0707,172.7902,83.08,73,98,12.33,overcast clouds
105,Grindavik,IS,63.8424,-22.4338,48.67,100,100,12.66,light intensity drizzle
106,Kosh-Agach,RU,50.0,88.6667,59.59,43,99,4.0,overcast clouds
107,Bathsheba,BB,13.2167,-59.5167,81.21,78,75,19.57,broken clouds
108,Provideniya,RU,64.3833,-173.3,39.31,100,100,6.71,fog
109,Iralaya,HN,15.0,-83.2333,79.99,87,100,15.59,overcast clouds
110,Georgetown,MY,5.4112,100.3354,87.75,73,40,8.05,scattered clouds
111,Auki,SB,-8.7676,160.7034,82.02,76,97,1.05,overcast clouds
112,Vaini,TO,-21.2,-175.2,77.52,90,100,16.35,overcast clouds
113,Narsaq,GL,60.9167,-46.05,44.82,97,100,2.37,light rain
114,Odoyev,RU,53.9393,36.6864,66.94,89,100,13.94,overcast clouds
115,Skjervoy,NO,70.0311,20.9714,50.0,82,84,1.39,broken clouds
116,Yellowknife,CA,62.456,-114.3525,61.32,41,20,4.61,few clouds
117,Baneasa,RO,44.0461,26.0642,70.9,59,20,3.22,few clouds
118,Norman Wells,CA,65.282,-126.8329,68.04,56,75,5.75,broken clouds
119,Qaqortoq,GL,60.7167,-46.0333,39.88,97,100,4.23,overcast clouds
120,Topchikha,RU,52.8192,83.1185,68.29,64,55,4.43,broken clouds
121,Nanortalik,GL,60.1432,-45.2371,40.05,98,100,4.52,overcast clouds
122,Kushiro,JP,42.975,144.3747,68.95,77,40,10.36,scattered clouds
123,Meaford,CA,44.6001,-80.583,56.08,49,100,3.2,overcast clouds
124,Akureyri,IS,65.6835,-18.0878,53.53,76,100,9.22,overcast clouds
125,Cockburn Town,TC,21.4612,-71.1419,80.98,77,99,21.39,overcast clouds
126,Taoudenni,ML,22.6783,-3.9836,89.64,27,88,8.75,overcast clouds
127,Khatanga,RU,71.9667,102.5,57.18,37,100,4.09,overcast clouds
128,Muli,MV,2.9167,73.5667,83.46,70,57,10.56,broken clouds
129,Darnah,LY,32.767,22.6367,74.12,67,0,8.72,clear sky
130,Vestmannaeyjar,IS,63.4427,-20.2734,49.19,94,100,14.9,overcast clouds
131,Manokwari,ID,-0.8667,134.0833,82.78,67,100,4.76,overcast clouds
132,Urumqi,CN,43.801,87.6005,83.35,19,0,4.47,clear sky
133,Pundri,IN,29.75,76.55,91.54,36,0,4.81,clear sky
134,Ellensburg,US,46.9965,-120.5479,61.11,68,0,21.85,clear sky
135,Jaranwala,PK,31.3333,73.4333,93.67,32,91,3.74,overcast clouds
136,Bilma,NE,18.6853,12.9164,83.82,15,0,13.0,clear sky
137,Atasu,KZ,48.6814,71.6433,87.21,20,100,9.01,overcast clouds
138,Shenzhen,CN,22.5455,114.0683,89.85,87,100,13.4,moderate rain
139,Vila Franca Do Campo,PT,37.7167,-25.4333,63.19,80,90,12.48,overcast clouds
140,Killarney,IE,52.05,-9.5167,44.8,97,8,3.96,clear sky
141,Zyryanka,RU,65.75,150.85,54.3,85,100,16.69,moderate rain
142,Tebingtinggi,ID,3.3285,99.1625,88.92,56,87,3.31,moderate rain
143,Torbay,CA,47.6666,-52.7314,56.17,95,100,20.71,mist
144,Vao,NC,-22.6667,167.4833,71.02,56,7,17.6,clear sky
145,Savannakhet,LA,16.566,104.751,91.42,62,40,4.61,scattered clouds
146,Suluq,LY,31.6682,20.2521,74.86,46,0,7.9,clear sky
147,Katangli,RU,51.7102,143.2326,52.34,82,64,10.13,broken clouds
148,Herat,AF,34.5,62.0,78.64,26,0,22.95,clear sky
149,Seddon,AU,-37.8068,144.8916,64.74,65,100,25.32,overcast clouds
150,Zhigansk,RU,66.7697,123.3711,51.1,49,21,26.19,few clouds
151,Necochea,AR,-38.5473,-58.7368,41.05,83,26,5.84,scattered clouds
152,Esperance,AU,-33.8667,121.9,59.9,68,99,11.79,overcast clouds
153,Caravelas,BR,-17.7125,-39.2481,69.91,83,1,4.56,clear sky
154,Ribeira Grande,PT,38.5167,-28.7,63.32,76,34,21.34,scattered clouds
155,Praia,CV,14.9215,-23.5087,73.94,94,75,8.05,haze
156,Saint-Philippe,RE,-21.3585,55.7679,70.11,77,80,15.46,light rain
157,Casino,AU,-28.8667,153.05,61.79,77,75,4.7,broken clouds
158,Mayo,US,38.8876,-76.5119,67.08,64,51,10.49,broken clouds
159,Ferme-Neuve,CA,46.7001,-75.4493,47.25,67,40,3.18,scattered clouds
160,Sitka,US,57.0531,-135.33,51.69,82,100,6.91,overcast clouds
161,Eyl,SO,7.9803,49.8164,82.8,54,69,31.07,broken clouds
162,Dongsheng,CN,39.8161,109.9776,82.2,31,100,11.7,overcast clouds
163,Sao Filipe,CV,14.8961,-24.4956,73.58,94,100,10.45,light rain
164,Roald,NO,62.5833,6.1333,57.16,82,20,1.14,few clouds
165,San-Pedro,CI,4.7485,-6.6363,75.25,86,99,4.34,overcast clouds
166,Russellville,US,35.2784,-93.1338,66.97,86,0,0.0,clear sky
167,Thinadhoo,MV,0.5333,72.9333,84.0,68,58,10.67,broken clouds
168,Hamada,JP,34.8833,132.0833,75.92,74,100,5.17,moderate rain
169,North Bend,US,43.4065,-124.2243,55.92,91,0,9.22,clear sky
170,San Quintin,MX,30.4833,-115.95,62.13,85,0,10.09,clear sky
171,Dargaville,NZ,-35.9333,173.8833,52.68,78,100,15.12,overcast clouds
172,Okhotsk,RU,59.3833,143.3,53.17,81,100,8.46,overcast clouds
173,Jalu,LY,29.0331,21.5482,79.41,37,0,4.29,clear sky
174,Salalah,OM,17.0151,54.0924,86.09,84,75,14.97,broken clouds
175,Muros,ES,42.7762,-9.0603,56.08,93,100,5.55,light rain
176,Mezen,RU,65.8522,44.24,54.34,61,66,3.71,broken clouds
177,Banamba,ML,13.55,-7.45,75.15,78,56,10.47,broken clouds
178,Chifeng,CN,42.2683,118.9636,98.22,22,85,14.18,overcast clouds
179,Kruisfontein,ZA,-34.0033,24.7314,47.25,86,71,4.9,broken clouds
180,Along,IN,28.1667,94.7667,72.84,99,100,0.29,overcast clouds
181,Rio Gallegos,AR,-51.6226,-69.2181,32.05,86,0,10.36,clear sky
182,Kaoma,ZM,-14.7833,24.8,50.32,67,6,4.94,clear sky
183,Lazaro Cardenas,MX,17.9583,-102.2,80.26,79,99,3.24,overcast clouds
184,Meulaboh,ID,4.1363,96.1285,81.77,80,88,3.89,overcast clouds
185,Port Blair,IN,11.6667,92.75,87.84,70,40,5.75,scattered clouds
186,Udachnyy,RU,66.4167,112.4,55.45,43,6,14.23,clear sky
187,Wenatchee,US,47.4235,-120.3103,62.89,44,0,19.57,clear sky
188,Isangel,VU,-19.55,169.2667,73.65,75,92,13.98,overcast clouds
189,Ondjiva,AO,-17.0667,15.7333,45.66,51,0,2.57,clear sky
190,Kelo,TD,9.3086,15.8066,73.56,81,100,4.5,overcast clouds
191,Tuatapere,NZ,-46.1333,167.6833,44.51,85,5,3.67,clear sky
192,Brae,GB,60.3964,-1.353,49.96,85,78,11.12,broken clouds
193,Bredasdorp,ZA,-34.5322,20.0403,47.64,87,0,3.74,clear sky
194,Tual,ID,-5.6667,132.75,80.38,76,100,7.63,overcast clouds
195,Moussoro,TD,13.6408,16.4901,84.43,49,95,9.06,overcast clouds
196,Avera,US,33.194,-82.5271,67.51,41,2,7.02,clear sky
197,Tiksi,RU,71.6872,128.8694,37.35,62,88,8.03,overcast clouds
198,Newcastle,AU,-32.9272,151.7765,64.17,79,75,1.99,broken clouds
199,Namibe,AO,-15.1961,12.1522,58.37,83,0,2.75,clear sky
200,Mahebourg,MU,-20.4081,57.7,75.25,88,40,11.5,scattered clouds
201,Horsham,GB,51.064,-0.3272,55.26,81,0,10.36,clear sky
202,Ucluelet,CA,48.9329,-125.5528,55.09,85,100,1.01,overcast clouds
203,Tasiilaq,GL,65.6145,-37.6368,44.76,68,80,6.17,broken clouds
204,Saldanha,ZA,-33.0117,17.9442,48.25,76,1,12.66,clear sky
205,Stonewall,CA,50.1344,-97.3268,89.28,83,0,13.76,clear sky
206,Belmonte,BR,-15.8631,-38.8828,70.75,86,26,8.28,scattered clouds
207,Karabash,RU,55.4808,60.2157,64.24,59,3,8.05,clear sky
208,Koygorodok,RU,60.445,50.9968,54.05,93,100,4.03,overcast clouds
209,Madinat Sittah Uktubar,EG,29.8167,31.05,74.8,64,0,10.92,clear sky
210,Nome,US,64.5011,-165.4064,65.16,65,0,17.27,clear sky
211,Sao Jose Da Coroa Grande,BR,-8.8978,-35.1478,74.21,89,25,4.59,scattered clouds
212,Lakatoro,VU,-16.0999,167.4164,80.47,72,28,6.35,scattered clouds
213,Carnarvon,AU,-24.8667,113.6333,71.55,56,0,11.9,clear sky
214,Hofn,IS,64.2539,-15.2082,53.96,76,46,9.64,scattered clouds
215,Bengkulu,ID,-3.8004,102.2655,80.96,78,51,9.1,broken clouds
216,Pauini,BR,-7.7136,-66.9764,69.91,81,19,1.23,few clouds
217,Scarborough,GB,54.2797,-0.4044,52.93,81,63,1.99,broken clouds
218,Hualmay,PE,-11.0964,-77.6139,61.02,84,24,12.1,few clouds
219,Hilo,US,19.7297,-155.09,76.73,80,75,5.75,broken clouds
220,Haines Junction,CA,60.7522,-137.5108,53.55,50,28,13.8,scattered clouds
221,Bakchar,RU,57.0186,82.0711,74.52,48,15,3.78,few clouds
222,Dhidhdhoo,MV,6.8833,73.1,82.11,76,83,12.46,broken clouds
223,Touros,BR,-5.1989,-35.4608,73.06,90,48,9.04,scattered clouds
224,Vallentuna,SE,59.5344,18.0776,58.15,87,75,6.91,broken clouds
225,Cabo San Lucas,MX,22.8909,-109.9124,81.61,85,51,2.68,broken clouds
226,Duluth,US,46.7833,-92.1066,77.07,72,0,4.61,clear sky
227,Santa Isabel Do Rio Negro,BR,-0.4139,-65.0192,71.38,99,78,2.55,broken clouds
228,Labuhan,ID,-6.8844,112.2051,85.91,65,32,3.78,scattered clouds
229,Broome,US,42.2506,-75.833,50.36,81,2,1.01,clear sky
230,Hami,CN,42.8,93.45,90.68,13,100,9.55,overcast clouds
231,Enshi,CN,30.3,109.4833,88.2,67,73,1.7,broken clouds
232,Huanren,CN,41.2647,125.3667,85.78,46,18,7.56,few clouds
233,Kaitangata,NZ,-46.2817,169.8464,43.7,86,55,0.94,broken clouds
234,Mirnyy,RU,62.5353,113.9611,42.24,93,100,15.99,overcast clouds
235,Tim,RU,51.6222,37.1244,67.68,79,1,14.58,clear sky
236,Tilichiki,RU,60.4667,166.1,48.9,81,98,5.35,overcast clouds
237,Constitucion,CL,-35.3333,-72.4167,50.67,63,100,3.36,overcast clouds
238,Alghero,IT,40.5589,8.3181,66.29,82,0,2.3,clear sky
239,Auxerre,FR,47.8,3.5667,64.63,96,62,7.38,broken clouds
240,Gazojak,TM,41.1875,61.4036,86.43,18,70,16.13,broken clouds
241,Korla,CN,41.7597,86.1469,86.9,16,100,8.14,light rain
242,Durban,ZA,-29.8579,31.0292,63.01,89,99,3.0,overcast clouds
243,Flinders,AU,-34.5833,150.8552,62.38,79,99,4.0,overcast clouds
244,Coihaique,CL,-45.5752,-72.0662,32.61,74,0,4.61,clear sky
245,Padang,ID,-0.9492,100.3543,86.05,82,100,2.73,overcast clouds
246,Lagoa,PT,39.05,-27.9833,62.44,73,69,20.27,broken clouds
247,Gat,IL,31.61,34.7642,75.07,100,0,1.83,clear sky
248,Vichy,FR,46.25,3.5833,67.1,98,33,0.94,scattered clouds
249,Semey,KZ,50.4111,80.2275,80.82,36,0,4.47,clear sky
250,Belaya Gora,RU,68.5333,146.4167,48.67,57,76,21.77,broken clouds
251,Pangnirtung,CA,66.1451,-65.7125,35.19,74,46,4.18,scattered clouds
252,Vostok,RU,46.4856,135.8833,69.12,49,58,7.36,broken clouds
253,Fortuna,US,40.5982,-124.1573,56.93,83,100,5.01,overcast clouds
254,Baghdad,IQ,33.3406,44.4009,96.71,21,0,9.22,clear sky
255,Martapura,ID,-3.4167,114.85,89.69,58,40,8.05,scattered clouds
256,Takoradi,GH,4.8845,-1.7554,75.15,91,95,2.84,light rain
257,Nizwa,OM,22.9333,57.5333,96.19,29,1,3.78,clear sky
258,Yar-Sale,RU,66.8333,70.8333,71.37,57,87,7.81,overcast clouds
259,Rimbey,CA,52.6334,-114.2353,53.62,92,91,8.12,overcast clouds
260,Jackson,US,42.4165,-122.8345,58.15,68,0,3.44,clear sky
261,Hashtrud,IR,37.4779,47.0508,71.49,50,0,8.86,clear sky
262,Obninsk,RU,55.0969,36.6103,53.46,97,100,2.68,overcast clouds
263,Inhambane,MZ,-23.865,35.3833,66.76,79,5,5.79,clear sky
264,Pisco,PE,-13.7,-76.2167,59.05,88,40,3.44,mist
265,Abbotsford,CA,49.058,-122.2526,56.97,86,75,5.75,broken clouds
266,Minudasht,IR,37.2289,55.3747,80.92,57,40,4.61,scattered clouds
267,Egvekinot,RU,66.3167,-179.1667,36.93,97,100,6.4,light rain
268,Buraydah,SA,26.326,43.975,99.05,9,4,11.56,clear sky
269,Vardo,NO,70.3705,31.1107,42.78,100,100,3.44,overcast clouds
270,Konde,TZ,-4.95,39.75,77.25,73,96,10.87,overcast clouds
271,Batticaloa,LK,7.7102,81.6924,85.82,66,92,3.4,overcast clouds
272,Luwuk,ID,-0.9516,122.7875,79.9,82,99,4.32,overcast clouds
273,Guerrero Negro,MX,27.9769,-114.0611,64.06,78,0,14.83,clear sky
274,Batsfjord,NO,70.6345,29.7185,46.33,87,100,3.44,overcast clouds
275,Maracacume,BR,-2.0428,-45.9592,71.24,99,43,3.2,scattered clouds
276,Portsmouth,GB,50.799,-1.0913,56.91,76,92,1.99,overcast clouds
277,Salta,AR,-24.7859,-65.4117,36.19,64,0,5.75,clear sky
278,Barao De Melgaco,BR,-16.1944,-55.9675,70.07,77,2,2.46,clear sky
279,Zhanaozen,KZ,43.3,52.8,81.79,22,0,8.93,clear sky
280,Maniitsoq,GL,65.4167,-52.9,40.48,88,100,4.56,light rain
281,Talnakh,RU,69.4865,88.3972,74.21,30,100,10.11,overcast clouds
282,Karratha,AU,-20.7377,116.8463,80.73,34,0,14.85,clear sky
283,Orem,US,40.2969,-111.6946,57.94,36,56,4.99,broken clouds
284,Dutlwe,BW,-23.9833,23.9,56.07,50,0,15.93,clear sky
285,Kantunilkin,MX,21.0917,-87.45,73.65,95,95,4.72,overcast clouds
286,Najran,SA,17.4924,44.1277,90.25,17,87,6.13,overcast clouds
287,Lilongwe,MW,-13.9669,33.7873,50.2,93,0,0.0,fog
288,Burns Lake,CA,54.2331,-125.7533,56.62,72,75,4.83,broken clouds
289,Hunucma,MX,21.0167,-89.8667,78.89,89,98,6.31,overcast clouds
290,Kibi,GH,6.1649,-0.5538,67.6,99,79,1.32,broken clouds
291,Ilulissat,GL,69.2167,-51.1,33.82,93,75,3.44,mist
292,Chernyshevskiy,RU,63.0128,112.4714,61.09,37,100,9.91,overcast clouds
293,Terralba,IT,39.7192,8.6392,76.86,63,0,7.99,clear sky
294,San Patricio,US,28.017,-97.5169,84.88,83,6,7.72,clear sky
295,Coquimbo,CL,-29.9533,-71.3436,49.73,87,75,3.44,broken clouds
296,Asfi,MA,32.2994,-9.2372,65.84,91,5,8.84,clear sky
297,Xifeng,CN,42.7372,124.7222,84.27,59,7,10.49,clear sky
298,Det Udom,TH,14.906,105.0784,93.02,50,70,8.86,broken clouds
299,Fort Nelson,CA,58.8053,-122.7002,62.19,72,75,3.44,broken clouds
300,Petropavlovsk-Kamchatskiy,RU,53.0452,158.6483,68.59,52,20,13.42,few clouds
301,Bonavista,CA,48.6499,-53.1147,49.66,96,71,15.61,broken clouds
302,Port Hedland,AU,-20.3167,118.5667,84.25,32,0,14.97,clear sky
303,Zalari,RU,53.5584,102.5065,74.44,50,69,3.24,broken clouds
304,Zeya,RU,53.75,127.2667,71.83,47,100,5.39,overcast clouds
305,Tura,IN,25.5198,90.2201,80.53,81,100,6.49,overcast clouds
306,Goderich,CA,43.7501,-81.7165,59.32,51,100,4.61,overcast clouds
307,Liaoyang,CN,41.2719,123.1731,88.12,46,2,11.14,clear sky
308,Totness,SR,5.8833,-56.3167,75.42,93,100,6.49,overcast clouds
309,Faanui,PF,-16.4833,-151.75,80.1,76,21,22.01,few clouds
310,Bridlington,GB,54.0831,-0.1919,53.29,73,50,15.97,scattered clouds
311,Burnie,AU,-41.0667,145.9167,55.94,81,82,16.37,broken clouds
312,Frontera,MX,26.9333,-101.45,86.32,43,12,1.99,few clouds
313,Severo-Kurilsk,RU,50.6789,156.125,48.88,93,98,2.01,overcast clouds
314,Sabha,LY,27.0377,14.4283,81.39,19,0,9.95,clear sky
315,Leshukonskoye,RU,64.8989,45.7622,59.32,47,100,4.21,overcast clouds
316,Jinji,CN,23.2281,110.8261,85.35,77,100,4.36,light rain
317,Romitan,UZ,39.9343,64.3814,83.07,24,98,16.08,overcast clouds
318,Bandarbeyla,SO,9.4942,50.8122,83.14,53,72,30.98,broken clouds
319,Bud,US,39.447,-86.1758,64.42,74,6,5.88,clear sky
320,Bosaso,SO,11.2842,49.1816,98.58,28,86,12.66,overcast clouds
321,Arraial Do Cabo,BR,-22.9661,-42.0278,68.47,75,23,11.72,few clouds
322,Khor,RU,47.8861,134.9464,64.11,78,94,7.54,overcast clouds
323,Makakilo City,US,21.3469,-158.0858,80.92,59,0,16.11,clear sky
324,Amparafaravola,MG,-17.5833,48.2167,62.31,88,80,8.48,broken clouds
325,Fukue,JP,32.6881,128.8419,75.56,100,75,9.22,moderate rain
326,Beringovskiy,RU,63.05,179.3167,45.32,90,100,12.95,overcast clouds
327,Leningradskiy,RU,69.3833,178.4167,55.51,55,81,10.67,broken clouds
328,Kawalu,ID,-7.3817,108.2082,84.65,61,47,5.99,scattered clouds
329,Ayagoz,KZ,47.9714,80.4392,82.78,25,37,4.29,scattered clouds
330,Wattegama,LK,6.7989,81.4808,90.0,49,99,7.11,overcast clouds
331,Papara,BR,-3.9839,-38.7273,77.4,98,10,3.98,clear sky
332,Ancud,CL,-41.8697,-73.8203,38.23,88,99,6.55,overcast clouds
333,Yingcheng,CN,30.95,113.55,89.91,55,68,7.56,broken clouds
334,Nagua,DO,19.3832,-69.8474,76.51,88,95,7.05,overcast clouds
335,Numata,JP,36.6333,139.05,89.13,39,57,1.5,broken clouds
336,Iqaluit,CA,63.7506,-68.5145,40.73,75,20,9.22,few clouds
337,Yerbogachen,RU,61.2767,108.0108,56.64,63,99,13.56,overcast clouds
338,Savalou,BJ,7.9281,1.9756,71.91,94,93,4.03,overcast clouds
339,Saskylakh,RU,71.9167,114.0833,53.76,37,43,7.43,scattered clouds
340,Nemuro,JP,43.3236,145.575,55.15,96,97,1.79,heavy intensity rain
341,Mecca,SA,21.4267,39.8261,89.44,41,57,3.31,broken clouds
342,Beloha,MG,-25.1667,45.05,62.22,77,0,7.31,clear sky
343,Xianyang,CN,34.3378,108.7026,96.49,40,40,11.18,scattered clouds
344,Hernani,ES,43.2662,-1.9762,64.0,89,75,1.14,mist
345,Tigil,RU,57.8,158.6667,49.98,86,100,5.37,overcast clouds
346,Sarrebourg,FR,48.7333,7.05,68.81,79,4,6.69,clear sky
347,Niesky,DE,51.2924,14.8211,69.31,86,72,4.85,broken clouds
348,Shubarshi,KZ,48.5872,57.1869,74.16,44,51,16.06,broken clouds
349,Tazovskiy,RU,67.4667,78.7,68.74,36,85,12.01,overcast clouds
350,Kemijarvi,FI,66.7131,27.4306,48.15,69,96,6.26,overcast clouds
351,Dayong,CN,25.0209,118.2898,90.68,58,100,9.71,overcast clouds
352,Tiarei,PF,-17.5333,-149.3333,80.01,76,28,21.07,scattered clouds
353,Starkville,US,33.4504,-88.8184,75.07,69,0,4.61,clear sky
354,Marawi,PH,7.9986,124.2928,76.91,84,79,2.3,light rain
355,Shepsi,RU,44.0361,39.1489,72.52,73,18,2.75,few clouds
356,Ous,RU,60.9058,61.5186,71.29,45,8,3.8,clear sky
357,Bratsk,RU,56.1325,101.6142,66.69,56,98,6.04,overcast clouds
358,Luderitz,NA,-26.6481,15.1594,54.0,82,27,14.03,scattered clouds
359,Bubaque,GW,11.2833,-15.8333,80.04,77,100,16.73,overcast clouds
360,Belomorsk,RU,64.5232,34.7668,46.87,85,99,10.2,overcast clouds
361,Sandakan,MY,5.8402,118.1179,89.28,79,40,8.05,scattered clouds
362,Nioro,GM,13.35,-15.75,75.99,84,100,7.07,moderate rain
363,Voh,NC,-20.9667,164.7,71.49,62,3,10.07,clear sky
364,Homer,US,59.6425,-151.5483,55.78,83,100,5.01,overcast clouds
365,Port Lincoln,AU,-34.7333,135.8667,59.49,54,84,19.42,broken clouds
366,Vila Velha,BR,-20.3297,-40.2925,67.95,95,100,3.44,overcast clouds
367,Honningsvag,NO,70.9821,25.9704,44.35,76,100,8.05,overcast clouds
368,Okha,RU,53.5739,142.9478,54.07,77,67,10.63,broken clouds
369,Hasaki,JP,35.7333,140.8333,86.4,80,100,13.24,moderate rain
370,Barra Do Bugres,BR,-15.0725,-57.1811,68.43,82,15,2.42,few clouds
371,Sussex,US,41.1834,-74.6663,58.08,69,0,1.01,clear sky
372,Quelimane,MZ,-17.8786,36.8883,64.35,94,40,3.44,scattered clouds
373,The Pas,CA,53.8251,-101.2541,64.42,82,100,8.05,overcast clouds
374,Springbok,ZA,-29.6643,17.8865,43.11,48,1,11.68,clear sky
375,Tucumcari,US,35.1717,-103.725,67.95,46,99,6.89,overcast clouds
376,Puerto Padre,CU,21.195,-76.6028,77.18,93,96,6.26,overcast clouds
377,Hamilton,US,39.1834,-84.5333,63.99,75,0,0.0,clear sky
378,Chicama,PE,-7.8447,-79.1469,59.54,86,22,6.91,few clouds
379,Shahgarh,IN,24.3167,79.1333,91.54,46,31,12.86,scattered clouds
380,Riviere-Au-Renard,CA,48.9957,-64.3971,48.49,94,100,14.03,overcast clouds
381,Sembe,CG,1.6481,14.5806,68.36,98,96,2.24,overcast clouds
382,Ryotsu,JP,38.0833,138.4333,74.53,77,26,4.27,scattered clouds
383,Owando,CG,-0.4819,15.8999,69.24,92,100,2.57,overcast clouds
384,Dukat,RU,62.55,155.55,63.95,38,88,6.49,overcast clouds
385,De Aar,ZA,-30.6497,24.0123,45.73,74,100,9.78,light rain
386,Clyde River,CA,70.4692,-68.5914,32.23,86,100,20.71,overcast clouds
387,Linxia,CN,35.6003,103.2064,78.44,43,99,5.97,overcast clouds
388,Atar,MR,20.5169,-13.0499,77.18,80,99,2.77,light rain
389,Miracema Do Tocantins,BR,-9.5618,-48.3967,71.2,44,67,1.77,broken clouds
390,Carnot,CF,4.9409,15.8665,66.85,99,97,0.85,overcast clouds
391,Coffs Harbour,AU,-30.3,153.1333,65.14,68,40,12.66,scattered clouds
392,Vilyuysk,RU,63.7553,121.6247,52.79,51,100,13.65,overcast clouds
393,Half Moon Bay,US,37.4636,-122.4286,64.2,82,0,21.85,mist
394,Lebedinyy,RU,58.5167,125.5167,74.66,32,50,10.07,scattered clouds
395,Nizhniy Odes,RU,63.6445,54.856,60.53,61,97,6.29,light rain
396,Skala,PL,50.2305,19.8536,69.8,65,0,1.14,clear sky
397,Harper,LR,4.375,-7.7169,76.78,82,81,4.18,light rain
398,Pareora,NZ,-44.4871,171.2132,47.17,83,100,4.52,overcast clouds
399,Buchanan,LR,5.8808,-10.0467,75.9,81,17,0.58,light rain
400,Aswan,EG,24.0934,32.907,86.77,20,36,17.18,scattered clouds
401,Nicoya,CR,10.1483,-85.452,73.44,97,100,0.89,overcast clouds
402,Kultuk,RU,51.7208,103.6956,71.35,49,47,4.0,scattered clouds
403,East London,ZA,-33.0153,27.9116,61.66,62,100,2.06,overcast clouds
404,Houma,US,29.5958,-90.7195,82.99,87,40,4.61,scattered clouds
405,Huilong,CN,31.8111,121.655,81.32,73,45,10.98,scattered clouds
406,Remanso,BR,-9.6179,-42.0831,73.4,63,0,11.68,clear sky
407,Nakamura,JP,32.9833,132.9333,76.53,92,100,4.16,overcast clouds
408,Ixtapa,MX,20.7,-105.2,79.83,83,75,1.99,broken clouds
409,Baruun-Urt,MN,46.6806,113.2792,73.44,35,71,14.85,broken clouds
410,Saint-Augustin,CA,51.226,-58.6502,47.61,97,100,18.72,overcast clouds
411,Barcelos,PT,41.5388,-8.6151,54.91,88,26,2.57,scattered clouds
412,Santa Maria,BR,-29.6842,-53.8069,45.19,93,1,1.79,clear sky
413,Coruripe,BR,-10.1256,-36.1756,73.71,89,11,8.14,few clouds
414,Lasa,IT,46.6166,10.7002,63.7,70,2,2.51,clear sky
415,Caconda,AO,-13.7333,15.0667,49.71,60,50,4.72,scattered clouds
416,Rapid Valley,US,44.0625,-103.1463,71.64,72,75,19.57,broken clouds
417,Caborca,MX,30.5838,-111.101,80.89,40,1,10.63,clear sky
418,Makushino,RU,55.2103,67.2442,70.84,74,96,2.51,overcast clouds
419,Fengcheng,CN,40.4536,124.0717,83.64,55,85,7.74,overcast clouds
420,Mehamn,NO,71.0357,27.8492,46.31,93,100,2.3,overcast clouds
421,Havelock,US,34.8791,-76.9013,73.35,77,0,0.0,clear sky
422,Mwense,ZM,-10.3845,28.698,63.61,47,63,5.35,broken clouds
423,Sur,OM,22.5667,59.5289,96.1,45,6,2.64,clear sky
424,Richards Bay,ZA,-28.783,32.0377,65.28,79,92,4.09,overcast clouds
425,Shitanjing,CN,39.2342,106.3439,85.17,33,100,12.44,light rain
426,Kitimat,CA,54.0524,-128.6534,59.38,54,100,4.0,overcast clouds
427,Galeana,MX,24.8333,-100.0667,59.09,86,21,2.93,few clouds
428,Andenes,NO,69.3143,16.1194,48.18,87,75,8.05,broken clouds
429,Kiunga,PG,-6.1219,141.2906,81.05,78,100,3.36,overcast clouds
430,Belle Fourche,US,44.6714,-103.8522,68.54,83,85,7.67,overcast clouds
431,Nijar,ES,36.9665,-2.206,67.66,94,0,6.91,clear sky
432,Guayaramerin,BO,-10.8368,-65.3614,69.35,85,99,1.74,overcast clouds
433,Yulara,AU,-25.2406,130.9889,74.64,22,0,5.57,clear sky
434,Prince Rupert,CA,54.3161,-130.3201,55.09,85,100,5.75,light rain
435,Edd,ER,13.9297,41.6925,93.65,47,86,2.82,overcast clouds
436,Dingle,PH,10.9995,122.6711,87.84,64,100,4.07,overcast clouds
437,Somerset,US,40.5668,-74.5496,64.26,63,0,1.01,clear sky
438,Resistencia,AR,-27.4606,-58.9839,51.1,96,0,3.44,clear sky
439,Ensley,US,30.5188,-87.2728,84.58,77,0,4.61,clear sky
440,Puerto Carreno,CO,6.189,-67.4859,72.43,96,100,6.22,overcast clouds
441,Mount Isa,AU,-20.7333,139.5,80.37,14,100,8.05,overcast clouds
442,Ust-Koksa,RU,50.2696,85.6108,67.44,59,65,5.91,broken clouds
443,Kibondo,TZ,-3.5864,30.7203,64.6,63,100,4.27,overcast clouds
444,Whitianga,NZ,-36.8333,175.7,53.06,66,100,26.51,overcast clouds
445,Te Anau,NZ,-45.4167,167.7167,39.06,94,35,2.86,scattered clouds
446,San Cristobal,VE,7.7669,-72.225,68.18,98,64,2.59,broken clouds
447,Talca,CL,-35.4333,-71.6667,46.26,66,100,1.32,overcast clouds
448,Ostrovnoy,RU,68.0531,39.5131,40.35,93,100,12.19,overcast clouds
449,Eureka,US,40.8021,-124.1637,57.2,83,30,8.01,scattered clouds
450,Gombong,ID,-7.6072,109.5142,87.04,61,54,10.49,broken clouds
451,Pachino,IT,36.7186,15.0907,74.3,65,0,4.34,clear sky
452,Kudahuvadhoo,MV,2.6708,72.8944,83.5,70,55,10.11,broken clouds
453,Trelew,AR,-43.249,-65.3051,37.81,63,0,10.16,clear sky
454,Deer Park,US,29.7052,-95.1238,86.14,76,0,4.61,clear sky
455,Rumonge,BI,-3.9736,29.4386,75.06,66,96,2.42,overcast clouds
456,Mayumba,GA,-3.432,10.6554,71.82,86,99,8.43,overcast clouds
457,Giresun,TR,40.5,38.5,54.95,61,40,1.52,scattered clouds
458,Itarantim,BR,-15.6597,-40.0656,60.28,98,30,3.24,scattered clouds
459,Bowen,AU,-20.0167,148.2333,73.2,64,34,16.46,scattered clouds
460,Baykit,RU,61.67,96.37,73.22,30,27,8.63,scattered clouds
461,Chiclana,AR,-35.7346,-61.7503,44.28,71,90,6.38,overcast clouds
462,Dodge City,US,37.7528,-100.0171,80.85,59,0,19.57,clear sky
463,Hongjiang,CN,27.11,109.9956,84.49,82,78,7.67,broken clouds
464,Saint-Pierre,RE,-21.3393,55.4781,74.91,88,75,8.05,broken clouds
465,Shiyan,CN,32.6475,110.7781,83.41,47,38,9.48,scattered clouds
466,Samarai,PG,-10.6167,150.6667,77.23,89,92,13.96,moderate rain
467,Teahupoo,PF,-17.8333,-149.2667,74.53,74,58,19.01,broken clouds
468,Bushehr,IR,28.9684,50.8385,93.29,40,0,6.91,clear sky
469,Acari,PE,-15.4311,-74.6158,62.02,71,34,1.07,scattered clouds
470,Tromso,NO,69.6496,18.957,52.38,81,75,2.3,broken clouds
471,Kostomuksha,RU,64.571,30.5767,49.96,63,67,7.54,broken clouds
472,Punta De Piedra,VE,7.6176,-71.4916,69.87,98,79,1.54,broken clouds
473,Temiscaming,CA,46.7212,-79.0971,56.75,81,18,1.14,few clouds
474,Tjaereborg,DK,55.4646,8.5797,52.45,92,75,3.44,broken clouds
475,Negotin,RS,44.2264,22.5308,72.81,43,0,2.19,clear sky
476,Channel-Port Aux Basques,CA,47.5702,-59.1367,51.44,99,100,12.95,heavy intensity rain
477,Kirakira,SB,-10.4544,161.9205,81.72,80,72,6.13,moderate rain
478,Kulhudhuffushi,MV,6.6221,73.07,82.49,75,89,13.18,overcast clouds
479,Sorland,NO,67.667,12.6934,46.26,88,100,16.96,overcast clouds
480,Itarema,BR,-2.9248,-39.9167,76.33,88,3,13.76,clear sky
481,Taltal,CL,-25.4,-70.4833,55.69,79,23,3.74,few clouds
482,Sioux Lookout,CA,50.1001,-91.917,72.34,97,24,5.97,few clouds
483,Igrim,RU,63.1906,64.4162,72.32,53,78,5.1,broken clouds
484,Hudiksvall,SE,61.729,17.1036,60.3,58,46,4.25,scattered clouds
485,Tutoia,BR,-2.7619,-42.2744,76.06,91,11,7.25,few clouds
486,Batavia,US,41.85,-88.3126,72.9,60,0,5.75,clear sky
487,Aabybro,DK,57.1584,9.7367,53.55,100,0,2.3,clear sky
488,Innisfail,AU,-17.5333,146.0333,71.28,79,86,9.91,overcast clouds
489,Atherton,GB,53.5237,-2.4935,54.95,84,0,4.34,clear sky
490,Mercedes,AR,-34.6515,-59.4307,45.18,57,97,3.85,overcast clouds
491,Birmitrapur,IN,22.4,84.7667,95.43,43,81,12.86,broken clouds
492,Kamenka,RU,51.3223,42.7678,73.35,68,39,16.96,scattered clouds
493,Andijon,UZ,40.7821,72.3442,83.48,28,100,7.81,overcast clouds
494,Zharkent,KZ,44.1628,80.0,84.33,26,1,5.59,clear sky
495,Sarti,GR,40.1,23.9833,73.69,55,0,3.42,clear sky
496,Maarianhamina,AX,60.0973,19.9348,57.06,82,100,5.75,overcast clouds
497,Saint-Joseph,RE,-21.3667,55.6167,69.1,75,76,14.72,light rain
498,Roma,US,43.2128,-75.4557,52.88,89,1,3.6,clear sky
499,Holme,DK,56.1138,10.1725,54.18,88,64,5.12,broken clouds
500,Mazagao,BR,-0.115,-51.2894,75.25,96,9,2.95,clear sky
501,Chumikan,RU,54.7183,135.315,51.98,79,28,8.59,scattered clouds
502,Kardla,EE,58.9978,22.7492,57.18,77,75,9.22,broken clouds
503,Port-Cartier,CA,50.0334,-66.8654,44.82,84,100,12.48,heavy intensity rain
504,Batagay-Alyta,RU,67.8006,130.4114,50.7,45,97,13.87,overcast clouds
505,La Ronge,CA,55.1001,-105.2842,61.05,82,75,0.0,broken clouds
506,Oliveira Dos Brejinhos,BR,-12.3169,-42.8961,65.08,54,53,6.62,broken clouds
507,Vicuna,CL,-30.0319,-70.7081,42.53,40,100,0.78,overcast clouds
508,Pozo Colorado,PY,-23.4923,-58.7972,54.66,66,8,4.94,clear sky
509,Souillac,MU,-20.5167,57.5167,70.18,88,40,11.5,scattered clouds
510,Aguia Branca,BR,-18.9831,-40.7403,68.07,81,99,3.24,overcast clouds
511,Superior,US,46.7208,-92.1041,76.48,72,0,4.61,clear sky
512,Aykhal,RU,66.0,111.5,56.66,37,6,14.85,clear sky
513,Moindou,NC,-21.6924,165.677,70.43,61,9,12.19,clear sky
514,Malmyzh,RU,56.5205,50.6818,62.87,82,98,13.18,overcast clouds
515,Yantai,CN,37.5333,121.4,84.7,63,0,5.73,clear sky
516,Miles City,US,46.4083,-105.8406,61.77,88,100,6.91,overcast clouds
517,Walvis Bay,NA,-22.9575,14.5053,54.55,94,4,9.22,clear sky
518,Broken Hill,AU,-31.95,141.4333,63.32,36,64,12.33,broken clouds
519,Kalmunai,LK,7.4167,81.8167,87.55,63,95,4.52,overcast clouds
520,Mineros,BO,-17.1167,-63.2333,64.83,84,0,4.0,clear sky
521,Inyonga,TZ,-6.7167,32.0667,64.96,53,86,7.94,overcast clouds
522,Chantada,ES,42.6088,-7.7712,53.55,92,94,0.83,overcast clouds
523,Inuvik,CA,68.3499,-133.7218,49.06,66,20,9.22,few clouds
524,Emerald,AU,-23.5333,148.1667,72.34,48,99,9.6,overcast clouds
525,Phan Thiet,VN,10.9333,108.1,91.33,57,62,14.88,broken clouds
526,Cervo,ES,43.6702,-7.4101,58.06,85,100,8.37,overcast clouds
527,Ayan,RU,56.45,138.1667,52.12,81,49,15.12,scattered clouds
528,Amberley,US,39.2048,-84.428,63.3,75,0,0.0,clear sky
529,Mandiana,GN,10.6333,-8.6833,72.61,89,87,2.01,light rain
530,Grand Gaube,MU,-20.0064,57.6608,75.38,65,5,1.99,clear sky
531,Balabac,PH,7.9868,117.0645,86.81,62,22,4.23,few clouds
532,Portland,US,45.5234,-122.6762,60.8,82,75,8.05,broken clouds
533,Cayenne,GF,4.9333,-52.3333,78.1,1,100,1.14,mist
534,Hovd,MN,48.0056,91.6419,75.92,13,100,4.25,overcast clouds
535,Callaway,US,30.153,-85.5699,82.9,84,0,6.91,clear sky
536,Port-Gentil,GA,-0.7193,8.7815,73.36,88,75,10.36,broken clouds
537,Xichang,CN,27.8964,102.2634,80.65,68,87,3.67,overcast clouds
538,Bereda,ES,43.2686,-7.5406,54.41,100,100,1.79,overcast clouds
539,Algeciras,ES,36.1333,-5.4505,67.68,77,40,11.5,scattered clouds
540,Dunedin,NZ,-45.8742,170.5036,45.81,71,69,3.0,broken clouds
541,Mus,TR,39.0,41.75,68.04,30,0,4.47,clear sky
542,Asyut,EG,27.181,31.1837,77.18,29,0,16.73,clear sky
543,Kismayo,SO,-0.3582,42.5454,79.72,73,35,17.0,light rain
544,Piterka,RU,50.6803,47.4454,76.39,59,86,18.05,overcast clouds
545,Qasigiannguit,GL,68.8193,-51.1922,34.05,88,50,1.59,scattered clouds
546,Dali,CN,25.7,100.1833,74.93,57,77,7.58,broken clouds
547,Onda,ES,39.9667,-0.25,71.33,79,0,1.41,clear sky
548,Kununurra,AU,-15.7667,128.7333,89.58,22,92,11.5,overcast clouds
549,Cap-Aux-Meules,CA,47.3821,-61.8597,55.42,88,100,11.5,overcast clouds
550,Vanavara,RU,60.34,102.2797,69.06,38,70,10.0,broken clouds
551,Brunico,IT,46.7958,11.9364,65.66,78,17,1.3,few clouds
552,Sakakah,SA,29.9697,40.2064,89.17,15,0,4.68,clear sky
553,Shache,CN,38.4167,77.2406,78.4,30,99,4.97,overcast clouds
554,Buala,SB,-8.145,159.5921,82.4,74,89,4.79,light rain
555,Puerto Escondido,MX,15.85,-97.0667,78.71,85,100,3.04,overcast clouds
556,Thayetmyo,MM,19.3167,95.1833,84.72,62,95,7.78,overcast clouds
557,Davila,PH,18.4726,120.5763,89.58,69,53,6.64,broken clouds
558,Tabory,RU,58.5198,64.5495,74.16,55,74,2.46,broken clouds
559,Merauke,ID,-8.4667,140.3333,77.97,87,100,8.12,moderate rain
560,Acapulco,MX,16.8634,-99.8901,82.22,78,100,3.44,overcast clouds
561,Bundaberg,AU,-24.85,152.35,64.96,80,63,10.09,broken clouds
562,Westport,US,41.1415,-73.3579,62.42,78,0,3.0,clear sky
563,Ulaanbaatar,MN,47.9077,106.8832,68.13,49,20,4.47,few clouds
564,Khoy,IR,38.5504,44.9535,77.18,43,0,4.59,clear sky
565,Kheda,IN,22.75,72.6833,93.49,45,36,12.48,scattered clouds
566,Amahai,ID,-3.3333,128.9167,79.92,80,95,4.21,light rain
567,Bolshevik,BY,54.0065,27.5692,69.42,89,32,8.9,scattered clouds
568,Epe,NG,6.5841,3.9834,75.24,91,94,3.09,overcast clouds
569,Alekseyevsk,RU,57.8406,108.3492,55.98,98,100,8.59,moderate rain
570,Angoche,MZ,-16.2325,39.9086,75.09,69,7,7.36,clear sky
571,Chichester,GB,50.8367,-0.78,56.8,77,93,1.01,overcast clouds
572,Havre,FR,49.5833,0.3333,57.2,82,100,13.8,overcast clouds
573,Asau,RO,46.4333,26.4,63.52,55,0,2.8,clear sky
574,Uvalde,US,29.3669,-99.767,85.12,38,0,10.36,clear sky
575,Kargasok,RU,59.0556,80.8572,76.91,47,75,3.58,broken clouds
576,Yeppoon,AU,-23.1333,150.7333,73.18,71,99,13.04,overcast clouds
577,Santiago,CL,-33.4569,-70.6483,53.17,56,75,3.44,haze
578,Ust-Shonosha,RU,61.1531,41.343,51.15,95,95,6.69,overcast clouds
579,Boa Vista,BR,2.8197,-60.6733,73.38,88,100,3.44,thunderstorm with light rain
580,Sungaipenuh,ID,-2.0833,101.3833,73.45,71,100,1.39,overcast clouds
581,Pangoa,PE,-12.1167,-73.0,68.54,87,96,2.35,overcast clouds
582,Paoua,CF,7.2427,16.4406,68.65,91,100,3.06,overcast clouds
583,Virginia Beach,US,36.8529,-75.978,69.03,64,75,4.61,broken clouds
584,Ixhuatan,MX,16.3569,-94.4825,75.58,87,96,6.8,overcast clouds
585,Bafq,IR,31.6128,55.4107,95.22,13,1,8.16,clear sky
586,Ketchikan,US,55.3422,-131.6461,52.27,93,100,9.22,light rain
587,Kungurtug,RU,50.5994,97.5228,74.57,31,61,4.18,broken clouds
588,Chiredzi,ZW,-21.05,31.6667,59.77,83,5,8.12,clear sky
589,Bonfim,BR,3.0833,-59.95,75.11,89,100,2.26,overcast clouds
590,Phichit,TH,16.25,100.4167,93.65,46,85,7.47,overcast clouds
591,Somvarpet,IN,12.6,75.8667,75.51,67,99,9.44,overcast clouds
592,Nezhinka,RU,51.7676,55.3694,69.96,60,0,8.99,clear sky
593,Solnechnyy,RU,50.7214,136.6319,67.5,60,90,4.88,overcast clouds
594,Klamath Falls,US,42.2249,-121.7817,48.11,66,0,9.22,clear sky
595,Kingston,JM,17.997,-76.7936,77.23,81,98,1.99,overcast clouds
596,Mananjary,MG,-21.2167,48.3333,69.78,78,65,4.43,broken clouds
597,Muroto,JP,33.2833,134.15,75.0,88,100,11.12,overcast clouds
598,Manta,EC,-0.95,-80.7333,73.18,83,100,9.22,overcast clouds
599,Hit,IQ,33.6416,42.8251,99.54,14,0,20.11,clear sky
600,Tomatlan,MX,19.9333,-105.25,78.33,80,53,0.2,broken clouds
601,Metro,ID,-5.1131,105.3067,85.68,66,26,3.51,scattered clouds
602,Jerez,GT,14.1,-89.75,66.54,97,100,1.36,overcast clouds
603,Nalut,LY,30.3333,10.85,84.42,18,0,6.33,clear sky
604,Kjollefjord,NO,70.9457,27.3465,44.65,93,75,2.3,broken clouds
605,Nouadhibou,MR,20.931,-17.0347,67.6,92,88,8.19,overcast clouds
606,Santa Ana,US,33.7456,-117.8678,72.12,69,0,3.44,clear sky
607,Bandar-E Anzali,IR,37.4727,49.4622,77.11,58,0,1.74,clear sky
608,Kerema,PG,-7.9631,145.7785,81.37,81,100,4.99,overcast clouds
609,Luancheng,CN,37.8792,114.6517,96.96,19,4,5.82,clear sky
610,Oistins,BB,13.0667,-59.5333,80.69,78,75,19.57,broken clouds
611,Sabya,SA,17.1495,42.6254,92.82,55,60,5.77,broken clouds
612,Jiuquan,CN,39.7432,98.5174,62.62,64,100,16.64,light rain
613,Ati,TD,13.2154,18.3353,84.74,48,72,9.93,broken clouds
614,Raudeberg,NO,61.9875,5.1352,53.87,81,9,5.01,clear sky
615,Port Hardy,CA,50.6996,-127.4199,53.78,82,75,3.44,broken clouds
616,Umm Lajj,SA,25.0213,37.2685,88.2,55,5,13.76,clear sky
617,Sarangani,PH,5.4033,125.4636,84.18,66,62,8.21,broken clouds
618,Chiman,PK,32.5463,73.8138,91.6,33,87,8.77,overcast clouds
619,Cap Malheureux,MU,-19.9842,57.6142,75.47,64,3,7.0,clear sky
620,Oron,NG,4.8256,8.2343,75.31,92,100,1.43,light rain
621,Cozumel,MX,20.5083,-86.9458,76.95,94,100,14.61,overcast clouds
622,Celestun,MX,20.8667,-90.4,77.47,84,100,12.77,overcast clouds
623,Coxim,BR,-18.5067,-54.76,68.88,86,0,5.08,clear sky
624,Ambilobe,MG,-13.2,49.05,81.54,47,13,8.16,few clouds
625,Gusau,NG,12.1628,6.6614,77.7,70,12,8.61,few clouds
626,Kisangani,CD,0.5167,25.2,71.4,94,100,1.03,overcast clouds
627,Miyako,JP,39.6367,141.9525,76.39,51,79,3.29,broken clouds
628,Palmer,US,42.1584,-72.3287,59.18,81,20,0.0,few clouds
629,Southampton,GB,50.904,-1.4043,56.8,80,0,8.05,clear sky
630,Krasnoselkup,RU,65.7,82.4667,76.26,27,20,7.45,few clouds
631,Shambu,ET,9.5667,37.1,54.16,89,99,1.9,light rain
632,Pedreiras,BR,-4.5688,-44.6003,70.63,98,9,2.77,clear sky
633,The Valley,AI,18.217,-63.0578,80.46,78,2,22.12,clear sky
634,San Juan Del Sur,NI,11.2529,-85.8705,75.42,91,100,3.94,overcast clouds
635,Alvdal,NO,62.1077,10.6307,52.52,61,6,1.52,clear sky
636,Filingue,NE,14.3521,3.3168,88.03,47,13,9.82,few clouds
637,Malanje,AO,-9.5402,16.341,56.19,88,11,2.86,few clouds
638,Porto Velho,BR,-8.7619,-63.9039,73.45,94,0,2.3,clear sky
639,Colares,PT,38.7992,-9.4469,61.75,62,75,3.0,broken clouds
640,Noumea,NC,-22.2763,166.4572,75.0,99,16,8.5,few clouds
641,Kristiinankaupunki,FI,62.2743,21.376,57.76,69,18,3.78,few clouds
642,Khorramshahr,IR,30.4397,48.1664,96.76,41,0,4.61,clear sky
643,Manicore,BR,-5.8092,-61.3003,73.35,94,0,0.0,clear sky
644,Zarubino,RU,42.63,131.0922,69.4,63,83,9.06,broken clouds
645,Flin Flon,CA,54.7682,-101.865,62.64,90,100,2.8,overcast clouds
646,Freeport,US,40.6576,-73.5832,64.38,56,0,13.8,clear sky
647,Sabang,ID,5.8933,95.3214,82.67,73,73,5.32,broken clouds
648,Verkh-Usugli,RU,52.7,115.1667,69.35,55,100,10.33,light rain
649,Oranjemund,NA,-28.55,16.4333,52.56,62,23,3.69,few clouds
650,Thunder Bay,CA,48.4001,-89.3168,51.78,76,75,8.05,broken clouds
651,Ferrol,ES,43.4832,-8.2369,56.71,93,100,3.11,light rain
652,Havre-Saint-Pierre,CA,50.2334,-63.5986,44.96,93,100,13.8,overcast clouds
653,Mogadishu,SO,2.0371,45.3438,80.47,78,40,17.27,scattered clouds
654,Cabanas,CU,22.9758,-82.9219,75.52,79,90,5.39,light rain
655,Yacuiba,BO,-22.038,-63.6797,52.0,67,1,3.31,clear sky
656,Manitouwadge,CA,49.1215,-85.8403,53.02,95,96,9.01,overcast clouds
657,Anadyr,RU,64.75,177.4833,50.5,76,75,15.66,light rain
658,Smithers,CA,54.7804,-127.1743,61.12,44,75,10.36,broken clouds
659,Magadan,RU,59.5667,150.8,54.54,86,100,7.05,overcast clouds
660,Sangar,RU,63.9242,127.4739,66.07,43,95,11.25,overcast clouds
661,Nayagarh,IN,20.1333,85.1,88.99,58,98,2.24,overcast clouds
662,Sembakung,ID,3.8167,117.25,92.43,48,60,2.71,broken clouds
663,Amapa,BR,1.0,-52.0,69.4,99,37,0.78,scattered clouds
664,Sinnamary,GF,5.3833,-52.95,76.64,87,92,4.27,overcast clouds
665,Kabardinka,RU,44.6514,37.9428,76.98,55,23,3.91,few clouds
666,Poum,NC,-20.2333,164.0167,72.95,62,17,23.62,few clouds
667,Bizhbulyak,RU,53.6967,54.2642,56.43,94,97,16.8,light rain
668,Vari,GR,37.8312,23.8081,79.02,46,0,6.91,clear sky
669,Akhmim,EG,26.5622,31.745,82.6,29,0,19.84,clear sky
670,Itoman,JP,26.1247,127.6694,88.18,84,75,12.66,broken clouds
671,Tambun,ID,-6.2641,107.0712,89.49,51,38,1.86,scattered clouds
672,Bilibino,RU,68.0546,166.4372,59.74,58,86,15.79,overcast clouds
673,Santa Cruz,BO,-17.8,-63.1667,62.06,94,0,2.3,clear sky
674,Tecoanapa,MX,16.5167,-98.75,76.89,84,100,2.55,overcast clouds
675,Parthenay,FR,46.6667,-0.4167,61.38,77,90,2.17,overcast clouds
676,Brownsville,US,25.9018,-97.4975,82.9,86,0,8.05,clear sky
677,Bambanglipuro,ID,-7.95,110.2833,85.59,67,21,14.76,few clouds
678,Greenville,US,35.6127,-77.3663,59.13,81,0,0.0,clear sky
679,Moratuwa,LK,6.773,79.8816,86.02,77,99,11.45,overcast clouds
680,Moose Factory,CA,51.2585,-80.6094,55.4,62,0,8.05,clear sky
681,College,US,64.8569,-147.8028,61.59,83,75,4.61,light rain
682,Srednekolymsk,RU,67.45,153.6833,61.47,36,96,19.84,overcast clouds
